{"errors":[],"warnings":[],"namedChunkGroups":{"app":{"chunks":[8,9],"assets":["webpack-runtime-3594dff366503b106160.js","webpack-runtime-3594dff366503b106160.js.map","app-aae17e0d8883e608165d.js","app-aae17e0d8883e608165d.js.map"],"children":{},"childAssets":{}},"component---src-templates-contentful-page-js":{"chunks":[1,0,7],"assets":["1.821431dc9d09a7b75a84.css","1-e556ebe843d4d28b2051.js","1.821431dc9d09a7b75a84.css.map","1-e556ebe843d4d28b2051.js.map","0.376712e14567cbf042b6.css","0-6013661a4d1f11c3bd42.js","0.376712e14567cbf042b6.css.map","0-6013661a4d1f11c3bd42.js.map","component---src-templates-contentful-page-js-29433f1438d043f56cfb.js","component---src-templates-contentful-page-js-29433f1438d043f56cfb.js.map"],"children":{},"childAssets":{}},"component---src-templates-blog-post-listing-js":{"chunks":[1,0,6],"assets":["1.821431dc9d09a7b75a84.css","1-e556ebe843d4d28b2051.js","1.821431dc9d09a7b75a84.css.map","1-e556ebe843d4d28b2051.js.map","0.376712e14567cbf042b6.css","0-6013661a4d1f11c3bd42.js","0.376712e14567cbf042b6.css.map","0-6013661a4d1f11c3bd42.js.map","component---src-templates-blog-post-listing-js-1c3c70e249bf56cfe832.js","component---src-templates-blog-post-listing-js-1c3c70e249bf56cfe832.js.map"],"children":{},"childAssets":{}},"component---src-templates-blog-post-js":{"chunks":[1,0,5],"assets":["1.821431dc9d09a7b75a84.css","1-e556ebe843d4d28b2051.js","1.821431dc9d09a7b75a84.css.map","1-e556ebe843d4d28b2051.js.map","0.376712e14567cbf042b6.css","0-6013661a4d1f11c3bd42.js","0.376712e14567cbf042b6.css.map","0-6013661a4d1f11c3bd42.js.map","component---src-templates-blog-post-js-5764b8bb688e1ac92966.js","component---src-templates-blog-post-js-5764b8bb688e1ac92966.js.map"],"children":{},"childAssets":{}},"component---src-pages-404-js":{"chunks":[4],"assets":["component---src-pages-404-js-bfc0cb1ed5d691cc454c.js","component---src-pages-404-js-bfc0cb1ed5d691cc454c.js.map"],"children":{},"childAssets":{}},"component---src-pages-index-js":{"chunks":[1,0,3],"assets":["1.821431dc9d09a7b75a84.css","1-e556ebe843d4d28b2051.js","1.821431dc9d09a7b75a84.css.map","1-e556ebe843d4d28b2051.js.map","0.376712e14567cbf042b6.css","0-6013661a4d1f11c3bd42.js","0.376712e14567cbf042b6.css.map","0-6013661a4d1f11c3bd42.js.map","component---src-pages-index-js-08dff99bb3e50166af3f.js","component---src-pages-index-js-08dff99bb3e50166af3f.js.map"],"children":{},"childAssets":{}}},"assetsByChunkName":{"app":["webpack-runtime-3594dff366503b106160.js","app-aae17e0d8883e608165d.js"],"component---src-templates-contentful-page-js":["1.821431dc9d09a7b75a84.css","1-e556ebe843d4d28b2051.js","0.376712e14567cbf042b6.css","0-6013661a4d1f11c3bd42.js","component---src-templates-contentful-page-js-29433f1438d043f56cfb.js"],"component---src-templates-blog-post-listing-js":["1.821431dc9d09a7b75a84.css","1-e556ebe843d4d28b2051.js","0.376712e14567cbf042b6.css","0-6013661a4d1f11c3bd42.js","component---src-templates-blog-post-listing-js-1c3c70e249bf56cfe832.js"],"component---src-templates-blog-post-js":["1.821431dc9d09a7b75a84.css","1-e556ebe843d4d28b2051.js","0.376712e14567cbf042b6.css","0-6013661a4d1f11c3bd42.js","component---src-templates-blog-post-js-5764b8bb688e1ac92966.js"],"component---src-pages-404-js":["component---src-pages-404-js-bfc0cb1ed5d691cc454c.js"],"component---src-pages-index-js":["1.821431dc9d09a7b75a84.css","1-e556ebe843d4d28b2051.js","0.376712e14567cbf042b6.css","0-6013661a4d1f11c3bd42.js","component---src-pages-index-js-08dff99bb3e50166af3f.js"]}}