{"errors":[],"warnings":[],"namedChunkGroups":{"app":{"chunks":[10,11],"assets":["webpack-runtime-8e5adb401660e55ab902.js","webpack-runtime-8e5adb401660e55ab902.js.map","app-eeba50a02c302c1163ee.js","app-eeba50a02c302c1163ee.js.map"],"children":{},"childAssets":{}},"component---src-templates-blog-post-listing-js":{"chunks":[1,2,0,9],"assets":["1.91bdf68155c4f70ed217.css","1-893903156569f31dc52e.js","1.91bdf68155c4f70ed217.css.map","1-893903156569f31dc52e.js.map","2-cfd3aafae57408c03e27.js","2-cfd3aafae57408c03e27.js.map","0.757888623cf800638d70.css","0-b270ee5e95f1987ea477.js","0.757888623cf800638d70.css.map","0-b270ee5e95f1987ea477.js.map","component---src-templates-blog-post-listing-js-7b4623bbc18349f8ca4a.js","component---src-templates-blog-post-listing-js-7b4623bbc18349f8ca4a.js.map"],"children":{},"childAssets":{}},"component---src-templates-contentful-page-js":{"chunks":[1,0,8],"assets":["1.91bdf68155c4f70ed217.css","1-893903156569f31dc52e.js","1.91bdf68155c4f70ed217.css.map","1-893903156569f31dc52e.js.map","0.757888623cf800638d70.css","0-b270ee5e95f1987ea477.js","0.757888623cf800638d70.css.map","0-b270ee5e95f1987ea477.js.map","component---src-templates-contentful-page-js-ca4e77a992def3687f8e.js","component---src-templates-contentful-page-js-ca4e77a992def3687f8e.js.map"],"children":{},"childAssets":{}},"component---src-templates-blog-post-js":{"chunks":[1,2,3,0,7],"assets":["1.91bdf68155c4f70ed217.css","1-893903156569f31dc52e.js","1.91bdf68155c4f70ed217.css.map","1-893903156569f31dc52e.js.map","2-cfd3aafae57408c03e27.js","2-cfd3aafae57408c03e27.js.map","3-dd422bd0af296847fa30.js","3-dd422bd0af296847fa30.js.map","0.757888623cf800638d70.css","0-b270ee5e95f1987ea477.js","0.757888623cf800638d70.css.map","0-b270ee5e95f1987ea477.js.map","component---src-templates-blog-post-js-be7f1665be84377d023f.js","component---src-templates-blog-post-js-be7f1665be84377d023f.js.map"],"children":{},"childAssets":{}},"component---src-pages-404-js":{"chunks":[6],"assets":["component---src-pages-404-js-3706d0f473ad3b6b8ded.js","component---src-pages-404-js-3706d0f473ad3b6b8ded.js.map"],"children":{},"childAssets":{}},"component---src-pages-index-js":{"chunks":[1,0,5],"assets":["1.91bdf68155c4f70ed217.css","1-893903156569f31dc52e.js","1.91bdf68155c4f70ed217.css.map","1-893903156569f31dc52e.js.map","0.757888623cf800638d70.css","0-b270ee5e95f1987ea477.js","0.757888623cf800638d70.css.map","0-b270ee5e95f1987ea477.js.map","component---src-pages-index-js-3a9f7e3b79ceb85cee6e.js","component---src-pages-index-js-3a9f7e3b79ceb85cee6e.js.map"],"children":{},"childAssets":{}}},"assetsByChunkName":{"app":["webpack-runtime-8e5adb401660e55ab902.js","app-eeba50a02c302c1163ee.js"],"component---src-templates-blog-post-listing-js":["1.91bdf68155c4f70ed217.css","1-893903156569f31dc52e.js","2-cfd3aafae57408c03e27.js","0.757888623cf800638d70.css","0-b270ee5e95f1987ea477.js","component---src-templates-blog-post-listing-js-7b4623bbc18349f8ca4a.js"],"component---src-templates-contentful-page-js":["1.91bdf68155c4f70ed217.css","1-893903156569f31dc52e.js","0.757888623cf800638d70.css","0-b270ee5e95f1987ea477.js","component---src-templates-contentful-page-js-ca4e77a992def3687f8e.js"],"component---src-templates-blog-post-js":["1.91bdf68155c4f70ed217.css","1-893903156569f31dc52e.js","2-cfd3aafae57408c03e27.js","3-dd422bd0af296847fa30.js","0.757888623cf800638d70.css","0-b270ee5e95f1987ea477.js","component---src-templates-blog-post-js-be7f1665be84377d023f.js"],"component---src-pages-404-js":["component---src-pages-404-js-3706d0f473ad3b6b8ded.js"],"component---src-pages-index-js":["1.91bdf68155c4f70ed217.css","1-893903156569f31dc52e.js","0.757888623cf800638d70.css","0-b270ee5e95f1987ea477.js","component---src-pages-index-js-3a9f7e3b79ceb85cee6e.js"]}}