{"errors":[],"warnings":[],"namedChunkGroups":{"app":{"chunks":[2,9],"assets":["webpack-runtime-479210b9c86ad47a3c7c.js","webpack-runtime-479210b9c86ad47a3c7c.js.map","app-9cce9b5817d3e0f9f00b.js","app-9cce9b5817d3e0f9f00b.js.map"],"children":{},"childAssets":{}},"component---src-templates-blog-post-listing-js":{"chunks":[1,0,8],"assets":["1.821431dc9d09a7b75a84.css","1-9666f62d072a1bce5db4.js","1.821431dc9d09a7b75a84.css.map","1-9666f62d072a1bce5db4.js.map","0.d6246ad801681dbf1d27.css","0-0c05532aa37bf1c37223.js","0.d6246ad801681dbf1d27.css.map","0-0c05532aa37bf1c37223.js.map","component---src-templates-blog-post-listing-js-1d4cc9cefbd8f1ea66d1.js","component---src-templates-blog-post-listing-js-1d4cc9cefbd8f1ea66d1.js.map"],"children":{},"childAssets":{}},"component---src-templates-contentful-page-js":{"chunks":[1,0,7],"assets":["1.821431dc9d09a7b75a84.css","1-9666f62d072a1bce5db4.js","1.821431dc9d09a7b75a84.css.map","1-9666f62d072a1bce5db4.js.map","0.d6246ad801681dbf1d27.css","0-0c05532aa37bf1c37223.js","0.d6246ad801681dbf1d27.css.map","0-0c05532aa37bf1c37223.js.map","component---src-templates-contentful-page-js-9ed6efe820944b013b8c.js","component---src-templates-contentful-page-js-9ed6efe820944b013b8c.js.map"],"children":{},"childAssets":{}},"component---src-templates-blog-post-js":{"chunks":[1,0,6],"assets":["1.821431dc9d09a7b75a84.css","1-9666f62d072a1bce5db4.js","1.821431dc9d09a7b75a84.css.map","1-9666f62d072a1bce5db4.js.map","0.d6246ad801681dbf1d27.css","0-0c05532aa37bf1c37223.js","0.d6246ad801681dbf1d27.css.map","0-0c05532aa37bf1c37223.js.map","component---src-templates-blog-post-js-0243037287370186c3d3.js","component---src-templates-blog-post-js-0243037287370186c3d3.js.map"],"children":{},"childAssets":{}},"component---src-pages-index-js":{"chunks":[1,0,5],"assets":["1.821431dc9d09a7b75a84.css","1-9666f62d072a1bce5db4.js","1.821431dc9d09a7b75a84.css.map","1-9666f62d072a1bce5db4.js.map","0.d6246ad801681dbf1d27.css","0-0c05532aa37bf1c37223.js","0.d6246ad801681dbf1d27.css.map","0-0c05532aa37bf1c37223.js.map","component---src-pages-index-js-3d3ecdbf6c9e0bce8ed9.js","component---src-pages-index-js-3d3ecdbf6c9e0bce8ed9.js.map"],"children":{},"childAssets":{}},"component---src-pages-404-js":{"chunks":[4],"assets":["component---src-pages-404-js-df526112540729d2ee2b.js","component---src-pages-404-js-df526112540729d2ee2b.js.map"],"children":{},"childAssets":{}}},"assetsByChunkName":{"app":["webpack-runtime-479210b9c86ad47a3c7c.js","app-9cce9b5817d3e0f9f00b.js"],"component---src-templates-blog-post-listing-js":["1.821431dc9d09a7b75a84.css","1-9666f62d072a1bce5db4.js","0.d6246ad801681dbf1d27.css","0-0c05532aa37bf1c37223.js","component---src-templates-blog-post-listing-js-1d4cc9cefbd8f1ea66d1.js"],"component---src-templates-contentful-page-js":["1.821431dc9d09a7b75a84.css","1-9666f62d072a1bce5db4.js","0.d6246ad801681dbf1d27.css","0-0c05532aa37bf1c37223.js","component---src-templates-contentful-page-js-9ed6efe820944b013b8c.js"],"component---src-templates-blog-post-js":["1.821431dc9d09a7b75a84.css","1-9666f62d072a1bce5db4.js","0.d6246ad801681dbf1d27.css","0-0c05532aa37bf1c37223.js","component---src-templates-blog-post-js-0243037287370186c3d3.js"],"component---src-pages-index-js":["1.821431dc9d09a7b75a84.css","1-9666f62d072a1bce5db4.js","0.d6246ad801681dbf1d27.css","0-0c05532aa37bf1c37223.js","component---src-pages-index-js-3d3ecdbf6c9e0bce8ed9.js"],"component---src-pages-404-js":["component---src-pages-404-js-df526112540729d2ee2b.js"]}}